,rho,MAE,R2,Model,Behaviour
0,0.15364349768606067,0.2570117333110398,-0.10283731821785067,voxel,APM
1,0.1704369615181549,0.24873083998060974,-0.030231687677202634,voxel,APM
2,0.09258392855984282,0.2613297627385314,-0.10458807049081476,voxel,APM
3,0.26836611552504874,0.234871974887806,0.050076433406427784,voxel,APM
4,0.15883370190323942,0.2617000445627194,-0.32132676828330253,voxel,APM
5,0.06982433579523387,0.2713166595990303,-1.0663993199970854,voxel,APM
6,0.2825319157781715,0.2445230711101643,-0.13805352377507443,voxel,APM
7,0.1689199673049413,0.2602178573494798,-0.07733437035156215,voxel,APM
8,0.16810882032330227,0.2598672238352698,-0.19035257050649038,voxel,APM
9,0.198493526355695,0.26756727381276835,-0.24354142601871404,voxel,APM
10,-0.010613969664804393,0.2782752209390545,-0.46287142510143886,voxel,APM
11,0.11683576128331088,0.2565269110172091,-0.07902448208993931,voxel,APM
12,0.1844232482473419,0.24851523194272146,-0.014123766885161121,voxel,APM
13,0.28421297163196024,0.2398144120406873,0.011207487359029517,voxel,APM
14,0.10155864521791261,0.2542134894352268,-0.0728719223922017,voxel,APM
15,0.12750810161477238,0.2572008484164383,-0.20744947913022183,voxel,APM
16,0.27276911503641305,0.2458691023789003,-0.012219644064195678,voxel,APM
17,0.1276654484197321,0.2585020767042149,-0.13097015313802535,voxel,APM
18,0.19754674716227813,0.24786943436650682,-0.17636112647511856,voxel,APM
19,0.10314298199503524,0.2575881930944507,-0.23759675059884058,voxel,APM
20,0.13064110688769723,0.257973654336634,-0.1275410053343999,voxel,APM
21,0.17469526362240673,0.2523669357136,-0.08990200578522217,voxel,APM
22,0.15735190417669825,0.2488390335586816,-0.12819700009645663,voxel,APM
23,0.20106280593244,0.2530392891785178,-0.09043199557860768,voxel,APM
24,0.26360766353350573,0.24838245229246209,-0.0588178102592426,voxel,APM
25,-0.08698455596658015,0.26044606060944425,-0.21097071481707075,voxel,APM
26,0.19343869572492647,0.2508905325324025,-0.056424992448910444,voxel,APM
27,0.2400924466242625,0.2517530990862677,-0.017866182833587485,voxel,APM
28,0.15036352389950322,0.23831454435691474,0.050568217650107355,voxel,APM
29,0.1353034056209655,0.2539501607085178,-0.06366697599997725,voxel,APM
30,0.08451323647180067,0.25017462702361076,-0.07261484099118776,voxel,APM
31,0.198005223077779,0.26426570342114153,-0.1907752541402298,voxel,APM
32,0.16094274132117395,0.2777521041562312,-0.45062667308511783,voxel,APM
33,0.20162207563797074,0.24575731140210605,-0.016914324432627387,voxel,APM
34,0.11862351325535721,0.26245995325785865,-0.1483627971763502,voxel,APM
35,0.20539571284073183,0.2509353781640507,-0.14185802999391275,voxel,APM
36,0.06232298998260631,0.26232302112773864,-0.22580326464393324,voxel,APM
37,0.2771442919122885,0.2483980729778414,-0.17506898909656132,voxel,APM
38,0.20942280519739492,0.24853989796090745,-0.05885433184502736,voxel,APM
39,0.1739619202061406,0.25779962060351364,-0.07834320381144802,voxel,APM
40,0.25579102048515456,0.2764484147323936,-0.7121334869683184,voxel,APM
41,0.3240438155869154,0.2481258923217531,-0.1702271631979194,voxel,APM
42,0.2505208592015858,0.2569345990785876,-0.17351652270215623,voxel,APM
43,0.2143231871276161,0.26090559363792853,-0.1464643768042907,voxel,APM
44,0.1807724016538774,0.26083012579476167,-0.18018677350113765,voxel,APM
45,0.1451506633523244,0.25245526141306524,-0.04180271390798945,voxel,APM
46,0.22490918296527102,0.26126155074941365,-0.09606099487214553,voxel,APM
47,0.11062317082017403,0.2637613954593429,-0.18253625243773675,voxel,APM
48,0.13054540562124145,0.25571011187935033,-0.13095535270746506,voxel,APM
49,0.19865729115837208,0.2662021207401174,-0.22008784466419276,voxel,APM
50,0.23317282635588105,0.26117275209386404,-0.12325802839190567,voxel,APM
51,0.17145502490667597,0.23755673179575415,0.048114337940326324,voxel,APM
52,0.09480958556387944,0.2546431544203665,-0.0901329132334627,voxel,APM
53,0.1578431576855836,0.2583068954101876,-0.2971250281656199,voxel,APM
54,0.2083182939811718,0.25573314051144347,-0.13370196745456317,voxel,APM
55,0.12461258112674631,0.25432724829841313,-0.025492881098802156,voxel,APM
56,0.09369500005886675,0.28015987093523353,-0.4711674625517205,voxel,APM
57,0.18651561193111543,0.25529637721697673,-0.09381695453978284,voxel,APM
58,0.06038691586197131,0.26206296164426224,-0.1821484018941013,voxel,APM
59,-0.02980164436543018,0.2661145716433328,-0.22115422177948885,voxel,APM
60,0.2276673965454002,0.25862650102171836,-0.15662891162330866,voxel,APM
61,0.18597516028009456,0.25474619898139866,-0.07881927686462703,voxel,APM
62,0.12402066769624752,0.2638242665403474,-0.18545817457598585,voxel,APM
63,0.040247575837388055,0.26014560145187327,-0.22023143148234486,voxel,APM
64,0.1648633309922699,0.2562196079815533,-0.14486357510903947,voxel,APM
65,-0.10559688111410967,0.28701127680193744,-0.34410457496946834,voxel,APM
66,0.05480067868652637,0.2674780216264726,-0.38165050967074177,voxel,APM
67,0.16749652261791725,0.26226579282845497,-0.15071880924488978,voxel,APM
68,0.19662528264310308,0.27869761644490476,-0.20200966555377584,voxel,APM
69,-0.016017601952034694,0.27004230682196206,-0.3474055820462587,voxel,APM
70,0.1379186621614651,0.2620944112051472,-0.14441485600806553,voxel,APM
71,0.0011925157830866562,0.2621286728151474,-0.10286166972875754,voxel,APM
72,0.136662334220094,0.25334319072048195,-0.0926422475468886,voxel,APM
73,0.39450841562229566,0.25039844862244726,0.010690799127568013,voxel,APM
74,0.19369295578978796,0.257969437396457,-0.17002851001726937,voxel,APM
75,0.21683894882493648,0.26274535526491355,-0.2671863855097062,voxel,APM
76,0.08657046511222108,0.25077607434219074,-0.07556579394689619,voxel,APM
77,0.219847708263471,0.27221100124134157,-0.3818989110253975,voxel,APM
78,0.14443051525333314,0.2574910432551931,-0.08569565501998486,voxel,APM
79,0.2210261218889254,0.25023464477437773,-0.04684649882074923,voxel,APM
80,0.21595121719400007,0.24905578608169116,-0.13352171055339818,voxel,APM
81,0.26011445312279136,0.2538111289973617,-0.005712289778068508,voxel,APM
82,0.10294277473880914,0.2647335196262603,-0.14723942625868577,voxel,APM
83,0.04094070432425964,0.2577223274326904,-0.1162490824015453,voxel,APM
84,0.21515067596117282,0.2471455827647852,-0.013495006350443317,voxel,APM
85,0.15750811777887516,0.2488705436879695,-0.15047709358131156,voxel,APM
86,0.2544961593204946,0.2578904243373978,-0.15825051470999668,voxel,APM
87,0.24469819730664152,0.25986356817334594,-0.21739721372939386,voxel,APM
88,0.1609011064768619,0.2467951948395533,0.007076910938678405,voxel,APM
89,0.15503807341433076,0.25627549521415816,-0.12284265299749692,voxel,APM
90,0.2038506786146307,0.2564813725768058,-0.16092109220292028,voxel,APM
91,0.1497076388705564,0.2568190109217219,-0.10502169898342448,voxel,APM
92,-0.003853516937613332,0.26217003028649616,-0.22216264200159141,voxel,APM
93,0.20531465572628957,0.2525725159341513,-0.09117765477147952,voxel,APM
94,0.1372015968542651,0.25129235431043295,-0.10371067814829851,voxel,APM
95,0.22027663862906677,0.2557697239485696,-0.09199649591359069,voxel,APM
96,0.12314471416692284,0.25312325335000047,-0.135343437593653,voxel,APM
97,0.23100168675564256,0.24966088269046877,-0.10102007358510137,voxel,APM
98,0.27772979892677224,0.2563032530029147,-0.07300742802758853,voxel,APM
99,0.15748976109394108,0.2498296116869896,-0.09636485978675163,voxel,APM
0,0.22830844840309955,0.24381941102887017,0.007488684832258702,connectivity,APM
1,0.17797200690337245,0.2353588764755787,-0.03558067946158763,connectivity,APM
2,0.17958679771930058,0.24650584734980718,-0.059521554737167665,connectivity,APM
3,0.2793500182506016,0.2349873540121915,0.0250108807115082,connectivity,APM
4,0.2509074933180892,0.2473014078585022,-0.0832450663975971,connectivity,APM
5,0.11926948772635926,0.24014199337247172,-0.01998740097833457,connectivity,APM
6,0.22590096293957948,0.2363043599887061,0.0001414040918314985,connectivity,APM
7,0.21586842437655024,0.24003852411379462,-0.03772115952358143,connectivity,APM
8,0.279974944639909,0.23453158799310223,0.03023708066359257,connectivity,APM
9,0.25609632030532525,0.2502010513928957,-0.04557058219143251,connectivity,APM
10,0.2155090682934441,0.2544528596624921,-0.10338617264124256,connectivity,APM
11,0.18697828689905166,0.2482086329626329,-0.026170882787989846,connectivity,APM
12,0.2903002460717324,0.24756111175048434,-0.08407083691269301,connectivity,APM
13,0.2260538576601373,0.25252208174114776,-0.17751350914630656,connectivity,APM
14,0.23352851700644225,0.2360983886004035,0.007500712161517237,connectivity,APM
15,0.24286551894331837,0.24136886544269068,0.006930143036527531,connectivity,APM
16,0.18259145685962666,0.24589703472649624,-0.09259237333994716,connectivity,APM
17,0.2684611749541768,0.2411326979014884,-0.08777937744185621,connectivity,APM
18,0.21243211285492003,0.24802813290414355,-0.01010962125688633,connectivity,APM
19,0.213862176516937,0.24275936232723166,0.0006555146569992842,connectivity,APM
20,0.28598686682553487,0.2416348281645245,0.019671635807019333,connectivity,APM
21,0.25367738955363495,0.23639119256424942,0.01798938398073152,connectivity,APM
22,0.2506114544392489,0.23682133541632655,0.026536218675222906,connectivity,APM
23,0.2521419890235919,0.2431963487289869,-0.08954939248344979,connectivity,APM
24,0.23622308097455816,0.25197382997575324,-0.4248474291126497,connectivity,APM
25,0.26042872925137533,0.2529000755015847,-0.06136873338666071,connectivity,APM
26,0.2758480486668813,0.23984502341138292,-0.3642308469496246,connectivity,APM
27,0.2567974691026637,0.25543320832282,-0.0941571823919149,connectivity,APM
28,0.1145637978114213,0.25265217143200486,-0.08107592551335516,connectivity,APM
29,0.27453316071331174,0.24757369595250894,-0.12695361712320025,connectivity,APM
30,0.178747675224171,0.24408280862179776,-0.03438401850952208,connectivity,APM
31,0.21403674560526803,0.24394974943094508,-0.015269573672127335,connectivity,APM
32,0.3146471755384024,0.2452830445449679,-0.038842897541010335,connectivity,APM
33,0.2594649629944832,0.24010898885468865,0.011350649767218501,connectivity,APM
34,0.18250365577840202,0.2367060889382365,-0.014111917809310093,connectivity,APM
35,0.2789443029267627,0.23767856779098667,0.03605634716684045,connectivity,APM
36,0.22775544489003477,0.24900780954585192,-0.1489426713538415,connectivity,APM
37,0.17633742188293786,0.24494816780239798,-0.0805542239620568,connectivity,APM
38,0.22729777614145463,0.24365469832857337,-0.05187039855028902,connectivity,APM
39,0.2997086340327661,0.24523632942872536,-0.11174785314872837,connectivity,APM
40,0.21072295813566372,0.23844792896355496,-0.024736087404195223,connectivity,APM
41,0.21034925359194154,0.24517131733622521,-0.021455566273395094,connectivity,APM
42,0.1984107972692533,0.24344193173266426,-0.059021617073869354,connectivity,APM
43,0.2927002926443376,0.24060431472391397,0.006382348934103166,connectivity,APM
44,0.19520452713390402,0.24293565593173472,-0.04297425326072682,connectivity,APM
45,0.2049253980162096,0.24079633155866442,-0.05973186408164671,connectivity,APM
46,0.2499912698582948,0.2494981032333645,-0.0400513906896523,connectivity,APM
47,0.1342007738866229,0.24209584469986245,-0.03903693077089021,connectivity,APM
48,0.21463177111093232,0.24303183049641686,0.0067930324274849685,connectivity,APM
49,0.19184238388472538,0.2523814552470373,-0.348014697764226,connectivity,APM
50,0.17857484254271827,0.2577738056186041,-0.1743312925645133,connectivity,APM
51,0.2143639397381524,0.23766690132525625,-0.07792670483884126,connectivity,APM
52,0.13050465157847932,0.2443632146315633,-0.09633511595299604,connectivity,APM
53,0.19966656701337754,0.23661015381358297,-0.0021973192002475994,connectivity,APM
54,0.3226358178514256,0.22914226428768875,0.03577390215693779,connectivity,APM
55,0.19497367510654792,0.2280733725090202,0.056691333612043926,connectivity,APM
56,0.3313175805764733,0.24023410370473422,-0.058813372464928626,connectivity,APM
57,0.12825016394638616,0.2637136589911706,-0.3908155612449083,connectivity,APM
58,0.196176320917295,0.23579187864718296,-0.05209502088603393,connectivity,APM
59,0.24017113630515985,0.2539656392110107,-0.25884662053644136,connectivity,APM
60,0.24450660063737137,0.24988597472796842,-0.0643327188072651,connectivity,APM
61,0.2016937394878343,0.2391448280460532,-0.05737435111294367,connectivity,APM
62,0.15275179141680065,0.24247997306701782,-0.038278355002096476,connectivity,APM
63,0.1577352824628771,0.2722529538136345,-0.39028886327138906,connectivity,APM
64,0.23183968182768794,0.2435729851100668,-0.07758596776724669,connectivity,APM
65,0.16200017119190027,0.23762837214653126,-0.005821890070680097,connectivity,APM
66,0.22945777084587948,0.2474651699136628,-0.07014495255294653,connectivity,APM
67,0.20788522599846526,0.24561114044152407,-0.10270010295116247,connectivity,APM
68,0.24525098227514233,0.23712883228879833,0.03176064821138186,connectivity,APM
69,0.2680594572075237,0.23935436868048146,-0.005091321469296306,connectivity,APM
70,0.313565642300332,0.2413629443331059,0.0010929594357268757,connectivity,APM
71,0.2146875063296641,0.238039703919482,-0.0492103440785884,connectivity,APM
72,0.19570562739126718,0.25646549207886316,-0.16951176981882896,connectivity,APM
73,0.02553991207296836,0.25085555284246513,-0.10226344912305235,connectivity,APM
74,0.13753793206229248,0.2521743849204302,-0.3066093529357518,connectivity,APM
75,0.25684290958236644,0.24190315983168387,-0.017881243113922446,connectivity,APM
76,0.24431377404125115,0.24228462314848212,-0.10364674578293417,connectivity,APM
77,0.26205208048719025,0.24078535234072426,-0.019263503034533752,connectivity,APM
78,0.24853038294524027,0.25138099107866746,-0.14895162837775341,connectivity,APM
79,0.15120184668125913,0.23717528669068066,0.040477465349757796,connectivity,APM
80,0.2348799971979826,0.24891331457018367,-0.06982645509819324,connectivity,APM
81,0.11423872249782503,0.23900691725763817,-0.02033929830699774,connectivity,APM
82,0.19877242500042852,0.25779650340276994,-0.4063531332734979,connectivity,APM
83,0.22372487996962284,0.23836015097930177,0.01680607852658103,connectivity,APM
84,0.28569463305646425,0.24301502803596803,-0.07424923768708919,connectivity,APM
85,0.3097622899074801,0.2529452845936461,-0.055275409973838036,connectivity,APM
86,0.27257359205454096,0.2527223215671098,-0.142391794485458,connectivity,APM
87,0.1777836424823986,0.25339020731344053,-0.20629821213771957,connectivity,APM
88,0.14682248588752736,0.2525850731009574,-0.0824061292709242,connectivity,APM
89,0.2690321291180034,0.24294044362406603,-0.029365004252150745,connectivity,APM
90,0.22369526108924392,0.24281548369289527,-0.020923443145067666,connectivity,APM
91,0.2237267831658963,0.23570137901903448,0.02550041423391322,connectivity,APM
92,0.18544159273722008,0.24696251472450836,-0.08395659789100876,connectivity,APM
93,0.22846390306949146,0.25228875966655073,-0.13583606338028803,connectivity,APM
94,0.22096699275025206,0.24498667816562006,-0.025071260439721493,connectivity,APM
95,0.15501396961927894,0.25039702830342625,-0.056999261124572154,connectivity,APM
96,0.1909272103644094,0.23614623960208864,0.04320149651957028,connectivity,APM
97,0.25485524326339665,0.23474425404293048,-0.011661663732229738,connectivity,APM
98,0.1343677902482313,0.24116064084190936,-0.028258764928439012,connectivity,APM
99,0.16691183897969541,0.2412436944815713,-0.07652601074309534,connectivity,APM
0,-0.05782584850102557,0.28595269165968107,-0.43912636120709897,voxel,NART
1,0.11241105403555969,0.2539345352228326,-0.20921711383354635,voxel,NART
2,0.007697955659560746,0.2625221170991491,-0.16191869883218185,voxel,NART
3,0.051787947684570304,0.26169757723940246,-0.23575631182092063,voxel,NART
4,-0.17047162759154114,0.28728454422668825,-0.45908616736120655,voxel,NART
5,0.028943161445743645,0.2666336624945354,-0.17937728529075592,voxel,NART
6,0.002376617413410935,0.25860167777875653,-0.16731130031510255,voxel,NART
7,0.011380160281462895,0.2768488388102456,-0.5931299633882927,voxel,NART
8,0.05432565569787488,0.2602387687077326,-0.17833709164199096,voxel,NART
9,-0.06111573078160942,0.26321076668402343,-0.24794852015377217,voxel,NART
10,0.1854351851095996,0.26482010355301794,-0.17755547426757862,voxel,NART
11,0.09752272868949029,0.24767405636050338,-0.07320161623751315,voxel,NART
12,-0.049070361192862344,0.2859978436515849,-0.5805465911348006,voxel,NART
13,0.022597997857215536,0.27891830180670507,-0.28442158060919526,voxel,NART
14,0.20507283636676216,0.24972342741422032,-0.18788686371851449,voxel,NART
15,-0.1381742116238634,0.27708877753502004,-0.35865353675829076,voxel,NART
16,-0.06451525558237221,0.2898867991262394,-0.5109726384346748,voxel,NART
17,0.013284388074303446,0.2729374794627751,-0.26129473781524126,voxel,NART
18,0.12166481094138563,0.25833577475317415,-0.12522471797623175,voxel,NART
19,0.06209379925219126,0.25528946429104754,-0.06061602618372258,voxel,NART
20,-0.11904332289335806,0.27804941699812463,-0.6754430579954183,voxel,NART
21,0.11008748234050413,0.2649905909795948,-0.25146074489026343,voxel,NART
22,-0.019480849800130595,0.2707318979585795,-0.19241100896851732,voxel,NART
23,0.12387749238138075,0.2605651622345939,-0.16997743132908966,voxel,NART
24,-0.07344800968184971,0.2889477685988934,-0.45231571216467514,voxel,NART
25,0.00670870483404596,0.26846803738576286,-0.2037850837651058,voxel,NART
26,-0.28224482246918875,0.32437115261674454,-0.8530946078489999,voxel,NART
27,0.02071574142349722,0.2821949628567591,-0.4037547585623406,voxel,NART
28,-0.15299981884162384,0.28795854477132465,-0.5318164723714298,voxel,NART
29,0.035438532825850924,0.26249823383396587,-0.1602969132399477,voxel,NART
30,0.004478938160788731,0.27194906024257576,-0.29692969239618683,voxel,NART
31,0.025936037573636307,0.2706263871686884,-0.1477159978907467,voxel,NART
32,0.2153877211563943,0.2524158108079194,-0.12027419273205336,voxel,NART
33,0.012021472773474769,0.25485873974338885,-0.17929842891556583,voxel,NART
34,0.021017204884580004,0.2799178661737498,-0.40546564034539506,voxel,NART
35,0.06996694523131752,0.2716686556256833,-0.4166619531655221,voxel,NART
36,0.14803297706566218,0.2503047066084505,-0.04265990620589169,voxel,NART
37,-0.16630075406615064,0.3086296153796017,-0.779709829502788,voxel,NART
38,0.05768447935265976,0.2664260098814113,-0.42255245454237833,voxel,NART
39,0.035263271191595995,0.2573511757839382,-0.14259090555574863,voxel,NART
40,0.0060916128986169965,0.2794547449828163,-0.27448337533693123,voxel,NART
41,-0.08926066870937209,0.2677911561886426,-0.2704261022331215,voxel,NART
42,0.0033945943608472973,0.2895547295757807,-0.5494993162178844,voxel,NART
43,0.006192792772870784,0.2751519052663163,-0.30621271675756884,voxel,NART
44,-0.01470537798587557,0.26457186763590046,-0.20763383505272892,voxel,NART
45,-0.07199289447361307,0.2688597619525589,-0.2912694857612314,voxel,NART
46,0.22512625986615992,0.26284929328548706,-0.4072221902946895,voxel,NART
47,-0.03469710037421089,0.26667535938641074,-0.19321106877505168,voxel,NART
48,0.004789451961927767,0.2654122838066581,-0.3816720513483062,voxel,NART
49,0.0917107933134404,0.24808789889298158,-0.06056911330992695,voxel,NART
50,-0.009820624279425982,0.26830342952778713,-0.19243973937592343,voxel,NART
51,-0.00800897960464342,0.27483884267421,-0.4156149255733506,voxel,NART
52,0.15611157554004745,0.24533580227463495,-0.18346578925318635,voxel,NART
53,-0.04851699215213372,0.26282255585619957,-0.11084204439853104,voxel,NART
54,0.06579480850577239,0.244843850411287,-0.01920139557239295,voxel,NART
55,-0.18237342290215552,0.2693247939296229,-0.2580330057060678,voxel,NART
56,0.24870609892667964,0.25114919940466274,-0.11536807506956032,voxel,NART
57,-0.03750547258212752,0.2746008584720572,-0.29583154177304755,voxel,NART
58,0.1498261030699339,0.24296277964916171,0.009241806258222018,voxel,NART
59,0.173832668897057,0.2686900493348979,-0.233279088049856,voxel,NART
60,-0.08607358446217539,0.2663950692811989,-0.31027611696312973,voxel,NART
61,0.054452232690018795,0.2569862156790972,-0.12913945347415512,voxel,NART
62,-0.15822642316754382,0.3024457456610297,-0.6704853363332979,voxel,NART
63,0.12266779731597023,0.265861160972116,-0.14883061511242138,voxel,NART
64,-0.05049230732530444,0.2627775672375989,-0.19048844937348927,voxel,NART
65,0.32844253137470875,0.24345595722570385,-0.08949173581354761,voxel,NART
66,0.08512251940602396,0.27395562264068835,-0.5395738426255083,voxel,NART
67,0.07780070942261295,0.26599577988675455,-0.18944518201225544,voxel,NART
68,-0.05206780042667754,0.25672253609853424,-0.12312623504478593,voxel,NART
69,-0.02636994102622394,0.2725121130833569,-0.21864539268118788,voxel,NART
70,0.10686269033641975,0.2719686467818354,-0.3202718223403763,voxel,NART
71,0.003022315370002967,0.2818664201141449,-0.33025154877357915,voxel,NART
72,0.18033462613111229,0.26525374930156953,-0.3142233270670789,voxel,NART
73,0.07936996141375233,0.283987463936254,-0.3956801472204702,voxel,NART
74,-0.1353897013568871,0.2745037981126871,-0.294021744258072,voxel,NART
75,0.08133838082974962,0.25639074882371965,-0.22634068230117638,voxel,NART
76,0.04192091355804043,0.268314696719233,-0.29939195157296156,voxel,NART
77,0.11734476351409506,0.2507159961081398,-0.1927500000724913,voxel,NART
78,0.16408515979669708,0.2594911308238,-0.18924820285246047,voxel,NART
79,-0.04863531246476467,0.2519341642879816,-0.07393803199887242,voxel,NART
80,-0.051675026594565146,0.2735215777037525,-0.2918177410038625,voxel,NART
81,0.10258885432468498,0.2537141137724634,-0.11383857267767919,voxel,NART
82,-0.016158072806322185,0.26984507525878876,-0.3053105873713673,voxel,NART
83,-0.13950645881252732,0.27228844741756625,-0.28289497174562306,voxel,NART
84,0.026852961103009103,0.2728489208195964,-0.3518459673957118,voxel,NART
85,0.21341212468985002,0.2693974702752294,-0.32847583423527277,voxel,NART
86,-0.12695053418638638,0.26870260969134424,-0.14566414465782063,voxel,NART
87,-0.1470858265630582,0.26840135161645373,-0.2644169308840468,voxel,NART
88,0.1078455502876593,0.2823831208015537,-0.33129236826373365,voxel,NART
89,-0.23457186760807913,0.2875788647641991,-0.4145677558822774,voxel,NART
90,0.21256021411164294,0.23207303765779613,0.0947388859146219,voxel,NART
91,0.10450429512798087,0.2459780039589347,-0.11335575357102554,voxel,NART
92,0.11477411257344447,0.2619553203265882,-0.2974932926971368,voxel,NART
93,0.014846076724887781,0.26612799200009635,-0.2212000701560322,voxel,NART
94,-0.00964709061532687,0.2599858598426694,-0.1786472160374425,voxel,NART
95,-0.08455192637346884,0.26957824060152114,-0.19070697450378585,voxel,NART
96,0.08889314035082657,0.2643673846559106,-0.4125860591650978,voxel,NART
97,0.0043629545820835225,0.27079559411615695,-0.47383446451285366,voxel,NART
98,-0.12521886016265638,0.28631029114917117,-0.5852448426990209,voxel,NART
99,-0.24460108795564456,0.30348091073917305,-0.8113682615248041,voxel,NART
0,-0.10496247471019275,0.2673095752090672,-0.13137160316453617,connectivity,NART
1,-0.056689295383425486,0.2715792368888223,-0.1854709519766575,connectivity,NART
2,-0.10150321248992836,0.25968033981211724,-0.12382597336717097,connectivity,NART
3,-0.06402372134475429,0.2638702646632907,-0.1116078644641218,connectivity,NART
4,0.04950521010172907,0.2615858283249517,-0.1733734826028509,connectivity,NART
5,0.10826146497124917,0.25168542745689204,-0.021785415234006705,connectivity,NART
6,-0.12295936773160272,0.25655831292711856,-0.10184855915616639,connectivity,NART
7,-0.26642038435990784,0.27971012923204797,-0.2451395401287541,connectivity,NART
8,0.11432629193677252,0.26321610664071593,-0.07315015975504158,connectivity,NART
9,0.05471725469993682,0.25993182542956944,-0.09467368151407018,connectivity,NART
10,0.12224567999389777,0.2552503758272745,-0.06609337981620522,connectivity,NART
11,0.07738073080677546,0.26068286178502703,-0.09863381286661052,connectivity,NART
12,0.07640478115940327,0.26645263931216034,-0.29800642939233746,connectivity,NART
13,0.09652096845434016,0.2572738266367833,-0.025984083522122725,connectivity,NART
14,-0.041007597650189874,0.25997013315314643,-0.1137089474376835,connectivity,NART
15,0.008537097915676722,0.2707296571214065,-0.1868340072753134,connectivity,NART
16,-0.15996087173475737,0.2590056216578013,-0.08102291346998725,connectivity,NART
17,0.09209271952991746,0.25646562077165685,-0.05242382313417654,connectivity,NART
18,0.060422577716100496,0.25818562706000775,-0.08637756012069941,connectivity,NART
19,-0.00492966897510827,0.28471115312870215,-0.6707138871575874,connectivity,NART
20,0.057046411663506554,0.2676872189290194,-0.13843034251353104,connectivity,NART
21,-0.13247960363739206,0.2667816627033451,-0.1680808192084045,connectivity,NART
22,-0.0006903239956044614,0.2601114618725538,-0.09092407354876955,connectivity,NART
23,0.011882558241682946,0.2678860199405295,-0.44044347958343005,connectivity,NART
24,0.0037978480292391037,0.2629846742860394,-0.14348891700004213,connectivity,NART
25,-0.1508598795338164,0.2964081156429629,-0.7983349152906727,connectivity,NART
26,0.14557752868400048,0.2646701923386188,-0.24050164179257838,connectivity,NART
27,-0.13124669964797453,0.27058245988205143,-0.15123101652711124,connectivity,NART
28,-0.11694832312030155,0.279229904087339,-0.2904562576481281,connectivity,NART
29,0.13254255141453325,0.2607485226668594,-0.29630835582523646,connectivity,NART
30,-0.15426445390163185,0.2719165258658758,-0.23897437648461506,connectivity,NART
31,-0.034974641354849546,0.2606572060458375,-0.11878679520853214,connectivity,NART
32,0.0004195534844621239,0.2559728227897055,-0.042293020924449753,connectivity,NART
33,0.05066603153924333,0.2627642406530943,-0.1942726763073882,connectivity,NART
34,0.038578836962222626,0.257832755819522,-0.1883682937847908,connectivity,NART
35,-0.004899452751391982,0.26556437214983275,-0.1604794669169229,connectivity,NART
36,-0.04694567954043696,0.2655181857529802,-0.1404273409927575,connectivity,NART
37,-0.14517247952769713,0.27042115353103596,-0.2762126664950114,connectivity,NART
38,-0.13206720929043014,0.2743551518972998,-0.28715762638570574,connectivity,NART
39,-0.001857671671414346,0.2623027372980547,-0.1509373580813319,connectivity,NART
40,-0.1450624053436262,0.2633714728713958,-0.10441769520729138,connectivity,NART
41,-0.0818554088293594,0.25717979083050374,-0.10685575955868282,connectivity,NART
42,-0.046992639103404094,0.2617033722144653,-0.12849621221375856,connectivity,NART
43,0.10622456363377172,0.2575874875610534,-0.08600141024442004,connectivity,NART
44,-0.10674004221199458,0.25782510327850344,-0.07010308089312028,connectivity,NART
45,-0.048267342024522104,0.26351146547702986,-0.1247881300477292,connectivity,NART
46,0.094423660436544,0.25569956246448633,-0.0324880902110562,connectivity,NART
47,-0.07445038437885976,0.2655873228848934,-0.11774353262042325,connectivity,NART
48,-0.0205009022983004,0.26044179667034556,-0.10949310095775305,connectivity,NART
49,0.08437117286183218,0.2586407026607628,-0.07628486640389182,connectivity,NART
50,-0.11435991805604653,0.26954233804657035,-0.23104416627913865,connectivity,NART
51,-0.14053518616077265,0.2655028844272971,-0.10821155682036532,connectivity,NART
52,0.11365208774579694,0.2586483450590338,-0.09854972342000737,connectivity,NART
53,-0.025131664670906557,0.25624146438083806,-0.050647688767826715,connectivity,NART
54,-0.019641004490009974,0.259174441930092,-0.07708744677727142,connectivity,NART
55,0.09135249249804056,0.25897345640034697,-0.11289499734305056,connectivity,NART
56,-0.035293943668058124,0.26683880758005285,-0.29027757770473583,connectivity,NART
57,0.060680535661474584,0.25560155050283156,-0.026863019068932903,connectivity,NART
58,-0.1740719414894564,0.27441316259631626,-0.3232913194945425,connectivity,NART
59,-0.07498053769705587,0.2671552620954015,-0.16174405388894247,connectivity,NART
60,0.159056561558227,0.2624606678861124,-0.23013884815287888,connectivity,NART
61,0.12943867228078496,0.25922142717535857,-0.06606687629736574,connectivity,NART
62,0.06686786326949137,0.2592557673570099,-0.049315513123707466,connectivity,NART
63,0.024450958771143456,0.26143245076499055,-0.05902270392147552,connectivity,NART
64,-0.09935163536286085,0.2761982895762102,-0.3237532620824637,connectivity,NART
65,0.10990185214262316,0.2630626695023431,-0.14113736909269275,connectivity,NART
66,0.10553868058327222,0.25810592990625625,-0.08824205551792019,connectivity,NART
67,0.07772105972875512,0.26551041832751276,-0.19240172549849735,connectivity,NART
68,-0.12585494853188647,0.2644436409005029,-0.17490448560173366,connectivity,NART
69,-0.25306457209178645,0.27443354539358045,-0.42922217417482894,connectivity,NART
70,-0.11549503964728229,0.2698469055880338,-0.15711747313194774,connectivity,NART
71,-0.11002200117045786,0.26342531283173154,-0.2792341244958332,connectivity,NART
72,0.03326046218662991,0.2605003097577901,-0.21019872969871772,connectivity,NART
73,0.07019892950058859,0.26317251050135043,-0.10183568039513263,connectivity,NART
74,-0.09989459052142476,0.26330134096676117,-0.09836642529959022,connectivity,NART
75,-0.002195177025122769,0.2622468966339381,-0.1474291249406935,connectivity,NART
76,0.08045358791842262,0.2603033494471792,-0.10474680945232073,connectivity,NART
77,-0.10519001309305047,0.2709963397068174,-0.17151585963430882,connectivity,NART
78,0.08439254223474688,0.2527617418209976,-0.06136681394844415,connectivity,NART
79,0.10054469971012908,0.2589012874855734,-0.05735526753327019,connectivity,NART
80,0.0797154895114173,0.2591259831327874,-0.08650854243017891,connectivity,NART
81,-0.16750525942815706,0.26570508065327036,-0.1226332656964384,connectivity,NART
82,0.15129878648584755,0.2620976624168218,-0.08606894848443797,connectivity,NART
83,0.016052950616136666,0.2551165552463249,-0.07525976791068284,connectivity,NART
84,0.11797692946398115,0.2677511459987414,-0.17536784498105717,connectivity,NART
85,-0.10527882754413044,0.2677096576151588,-0.1997305048042899,connectivity,NART
86,0.1702701220814443,0.2542455310569509,-0.015266109506627462,connectivity,NART
87,0.037505536046305694,0.2698970151494732,-0.19391950405561525,connectivity,NART
88,0.18289678543906024,0.25734211495368153,-0.06878327844704182,connectivity,NART
89,-0.07918895826662138,0.26872829607164933,-0.22677450000165295,connectivity,NART
90,0.06657635779188875,0.2608407719784505,-0.08120231994424332,connectivity,NART
91,0.05771823667506418,0.25568037421267975,-0.02735514877455833,connectivity,NART
92,0.09419385643727937,0.2538625977834643,-0.02423416185413943,connectivity,NART
93,-0.0016369948624296825,0.2645090270614364,-0.20472654841697463,connectivity,NART
94,0.1888738474677957,0.2574029062447148,-0.16487371646669088,connectivity,NART
95,-0.06732608705935013,0.2674005213305235,-0.15108131569042493,connectivity,NART
96,-0.11805939778532144,0.2809626019746034,-0.31707058968865864,connectivity,NART
97,0.03502930239852662,0.26040976454545595,-0.16154814669520154,connectivity,NART
98,0.10459746539282094,0.25261102120251666,-0.02122335878857104,connectivity,NART
99,0.07377644954406674,0.2586221355612029,-0.07564356328390545,connectivity,NART
0,-0.15971678060246897,0.28154732576026736,-0.47769734574438466,voxel,Lang
1,-0.04069380185620254,0.2545354548750043,-0.15625039350178024,voxel,Lang
2,0.09844910682551658,0.2664369214203902,-0.23974569120834113,voxel,Lang
3,-0.03835696851884615,0.2574784284546461,-0.1050780050568429,voxel,Lang
4,0.04445937102571482,0.28664508651773407,-0.6599511511611889,voxel,Lang
5,0.12073104338442038,0.2566898841159859,-0.09928519495068266,voxel,Lang
6,0.00887256150666748,0.2656316576012712,-0.13943010083828947,voxel,Lang
7,-0.08982529469365462,0.27304088285479355,-0.28638769524383634,voxel,Lang
8,0.06436932358050398,0.25541622300534195,-0.1302140868201762,voxel,Lang
9,0.023287171723218848,0.2902518084707215,-0.5513168380674314,voxel,Lang
10,0.08843808904516752,0.26670862549793417,-0.29930165619716614,voxel,Lang
11,0.20961739296676557,0.25558950975051964,-0.05777393849534804,voxel,Lang
12,-0.05671122998576347,0.26201373213597356,-0.14020086060380607,voxel,Lang
13,0.08821374370829038,0.2651844628838985,-0.21631107564859364,voxel,Lang
14,0.0870719024607737,0.2562015314745234,-0.09955368788428309,voxel,Lang
15,-0.034006079899414024,0.27054281403168495,-0.18059497350202774,voxel,Lang
16,0.055528136437154305,0.26938526317489614,-0.2797009522867709,voxel,Lang
17,-0.10505909271371713,0.2665542479036793,-0.23061186681146217,voxel,Lang
18,-0.025193119258897043,0.25802041024060385,-0.12559532448551275,voxel,Lang
19,-0.11942506280658377,0.293520467590687,-0.5180662520130923,voxel,Lang
20,-0.07550224285780731,0.2942150846205699,-0.4452168349988371,voxel,Lang
21,-0.15509085752189722,0.2696789974490938,-0.18149783799948355,voxel,Lang
22,0.20027574807238135,0.24702349251234473,-0.03420076743588368,voxel,Lang
23,0.09196982515590982,0.25849539780039427,-0.15622833846501222,voxel,Lang
24,0.0743569617606584,0.2696416672335202,-0.14412665892279933,voxel,Lang
25,-0.1723861492894852,0.26344729709898906,-0.17486952605905765,voxel,Lang
26,0.06899329967509953,0.2658751622171618,-0.21325010296856992,voxel,Lang
27,-0.06718153175310274,0.2796880249642314,-0.37943799897901387,voxel,Lang
28,0.055097980138332406,0.2664831705815939,-0.19065232905462917,voxel,Lang
29,0.06229726179931887,0.26420087120093144,-0.11635599803423341,voxel,Lang
30,0.09038946531485588,0.2619805815585641,-0.16484883221478272,voxel,Lang
31,-0.059169093513736844,0.2759472033963466,-0.3057290163933615,voxel,Lang
32,0.18569568078792814,0.2743239568976753,-0.3106294525152136,voxel,Lang
33,0.039601516858914415,0.26287528293101614,-0.18681140813297242,voxel,Lang
34,0.024062571374501185,0.28388049418759803,-0.4169259066269392,voxel,Lang
35,0.049077673481302445,0.261126226812708,-0.12931351411943257,voxel,Lang
36,0.06751447937813612,0.2575746131381177,-0.10199935377228192,voxel,Lang
37,0.07576195290823015,0.2767045620695852,-0.31746752654936916,voxel,Lang
38,0.0576927267133335,0.2770264921007763,-0.3724273802347186,voxel,Lang
39,-0.1609197145347624,0.2683553362737082,-0.29594913998096795,voxel,Lang
40,-0.029670287731321656,0.27729559834491224,-0.3283545510044221,voxel,Lang
41,-0.01690880632157525,0.26854321108433377,-0.264649655856696,voxel,Lang
42,0.13198196967483022,0.2685899197725359,-0.28665801040675537,voxel,Lang
43,0.06116228025772251,0.2795319177150173,-0.28581354144191023,voxel,Lang
44,-0.23857665941759318,0.2735270565060706,-0.2658764631769321,voxel,Lang
45,0.09551466864851856,0.26078133170452394,-0.20008632863863485,voxel,Lang
46,0.16418264976761146,0.2580319300297772,-0.1367283488026308,voxel,Lang
47,-0.025064795456122987,0.2556364474102092,-0.11650260486483763,voxel,Lang
48,-0.06174576029054145,0.26581880493279003,-0.14576021216159335,voxel,Lang
49,0.049697472946311605,0.2585884629558901,-0.22552962952018712,voxel,Lang
50,0.3181800420846943,0.24544170009947347,-0.025590308022616914,voxel,Lang
51,-0.04511775719946621,0.25471963478003257,-0.11969914395695719,voxel,Lang
52,-0.02066906019826361,0.25331342753289343,-0.016568057641666134,voxel,Lang
53,-0.0067196387741675564,0.25230929367277144,-0.1271790963884027,voxel,Lang
54,0.03314972499910289,0.2527702686862041,-0.03384023152385163,voxel,Lang
55,0.10600726748077541,0.2561084053751903,-0.05782575817507438,voxel,Lang
56,0.07744184129840555,0.26686570743252214,-0.32459681916818295,voxel,Lang
57,-0.0734275602972091,0.2637602480701855,-0.10819220748325953,voxel,Lang
58,0.08843273260927167,0.2675566796223867,-0.25381527558959843,voxel,Lang
59,0.2400696825228549,0.25447385460467925,-0.005522649928069667,voxel,Lang
60,0.05375892241432749,0.2716887632927555,-0.4190577303965975,voxel,Lang
61,-0.01489137662481407,0.26371481675212455,-0.1989443479862354,voxel,Lang
62,-0.30323199656256733,0.27187243073646905,-0.240834064003917,voxel,Lang
63,0.029160940800917263,0.25517381770063996,-0.24812784815060163,voxel,Lang
64,0.2164035813576685,0.25420898892769633,-0.13216608935945756,voxel,Lang
65,0.22544574139218584,0.2544919925257904,-0.023836253259421347,voxel,Lang
66,0.20038773857241415,0.26406904785114327,-0.1778443102041045,voxel,Lang
67,-0.05876621039414206,0.25884039311611756,-0.1310262961077072,voxel,Lang
68,0.11931251273663186,0.26504722026295646,-0.16607518968072776,voxel,Lang
69,-0.13056817557657366,0.2779563872406201,-0.39110058725044583,voxel,Lang
70,-0.0471082702539147,0.286898017232541,-0.3590887151298537,voxel,Lang
71,-0.11934493417644101,0.2762201714033749,-0.36399557259420384,voxel,Lang
72,0.07533378572339432,0.2822113012222869,-0.6087976687679564,voxel,Lang
73,0.1918146944053905,0.2687669424811496,-0.2438881340804282,voxel,Lang
74,-0.15217424803961446,0.2697304231556443,-0.23193653540272835,voxel,Lang
75,0.016104589969480367,0.26546303774267715,-0.17380092197867447,voxel,Lang
76,0.15360171249541124,0.27045588492353984,-0.21000909196229472,voxel,Lang
77,-0.026964161512746304,0.2715072917004996,-0.26192199578177217,voxel,Lang
78,0.16397410828476872,0.257794833624685,-0.12832356631370775,voxel,Lang
79,-0.004071011374168709,0.259684397575791,-0.1402596589342866,voxel,Lang
80,-0.08341496797350074,0.2636358646806467,-0.20504619658804402,voxel,Lang
81,0.21561117669600666,0.24669997187035206,-0.017152450819547416,voxel,Lang
82,0.1750803092937367,0.2590358998632672,-0.17878620833224343,voxel,Lang
83,-0.014276995494172377,0.26800557892940285,-0.21061414014982577,voxel,Lang
84,0.1842438781416089,0.25893677212467636,-0.04772849526813719,voxel,Lang
85,-0.10705265214288735,0.28494518343199704,-0.42997643401760904,voxel,Lang
86,-0.21558482653409253,0.2752007238223354,-0.2358363783925252,voxel,Lang
87,0.18168522275177362,0.2670183669592714,-0.23483186607544823,voxel,Lang
88,-0.02238500789540624,0.26516154818282744,-0.16930587440795455,voxel,Lang
89,-0.015439699981647736,0.2709069224590659,-0.1824472173829308,voxel,Lang
90,-0.08475545505383805,0.25271613291581113,-0.1173323127820883,voxel,Lang
91,-0.1437750033142969,0.26086424968600186,-0.052751759027248324,voxel,Lang
92,0.2502986177590958,0.2570750239033255,-0.02254736432591442,voxel,Lang
93,0.05959945331532815,0.2641927115402183,-0.2643200654134603,voxel,Lang
94,0.16723209747547363,0.2586186185209148,-0.09736419558491588,voxel,Lang
95,0.015075954355474236,0.2713415774317858,-0.49997751199936086,voxel,Lang
96,-0.00015750441322120654,0.2653019922610901,-0.1549317581647931,voxel,Lang
97,0.15202891501706028,0.2601757826198177,-0.10907498402779081,voxel,Lang
98,0.1339537846972716,0.2506600933843376,-0.07389959142848207,voxel,Lang
99,-0.10599860517715498,0.2847126697578625,-0.4358582633550485,voxel,Lang
0,-0.2711554155228605,0.2723544433082804,-0.15741906515679094,connectivity,Lang
1,-0.2640159299388022,0.26583357524268947,-0.10957186234362448,connectivity,Lang
2,-0.1340313817510145,0.27725725184057304,-0.26026476311615254,connectivity,Lang
3,0.08029456494693833,0.25482749179019293,-0.05488594873482136,connectivity,Lang
4,-0.06691825926307142,0.2571312328874393,-0.12750735282474346,connectivity,Lang
5,-0.1984966651136746,0.2586219453872408,-0.06570819784094356,connectivity,Lang
6,-0.04557084757993902,0.26796677286650344,-0.21082707214014462,connectivity,Lang
7,-0.0606016360716379,0.2669286927013742,-0.14492147835062574,connectivity,Lang
8,0.05549594058027492,0.26102444980241357,-0.15000519906093113,connectivity,Lang
9,-0.11451164304535072,0.2585868690231997,-0.1379471560196755,connectivity,Lang
10,-0.09756688171768148,0.2586998859148242,-0.09665635175723042,connectivity,Lang
11,-0.061505071112136864,0.25164888111197403,-0.040271478038796715,connectivity,Lang
12,-0.137651191665345,0.2699741734250469,-0.45729425677830693,connectivity,Lang
13,-0.0397027347310238,0.26278776110582613,-0.14091522235329135,connectivity,Lang
14,-0.23865549860325788,0.2666094530608794,-0.21357470869482292,connectivity,Lang
15,-0.058110706752520655,0.26931926403986073,-0.1938916801760946,connectivity,Lang
16,-0.08672580789913752,0.25039036915580676,-0.12665356053126275,connectivity,Lang
17,0.042516064806159645,0.25749775730729396,-0.03415095521487699,connectivity,Lang
18,0.040013884634937394,0.251954635141881,0.0036920777878150235,connectivity,Lang
19,-0.03119968789168982,0.2622771821824765,-0.07308821023766998,connectivity,Lang
20,-0.191477600821427,0.2570489637938248,-0.059001908440426076,connectivity,Lang
21,0.016534486361334772,0.26264604901462124,-0.14714084825083878,connectivity,Lang
22,-0.018721667646057413,0.2551359696898482,-0.05967451604383264,connectivity,Lang
23,-0.053375577542981355,0.26015818634994387,-0.06648745505462617,connectivity,Lang
24,-0.08873382504411702,0.2610786187545332,-0.14481146595549899,connectivity,Lang
25,-0.15026131980213125,0.27938849813206645,-0.298807365091226,connectivity,Lang
26,-0.18520522211415494,0.2668953455302568,-0.1731684795977687,connectivity,Lang
27,-0.13298150798590114,0.26171881419851784,-0.15734714317195453,connectivity,Lang
28,-0.1598593110679384,0.2738504199380965,-0.20919501431508247,connectivity,Lang
29,-0.24317831843962573,0.2748212564580614,-0.22038576132303267,connectivity,Lang
30,-0.33191469871982415,0.2834746412464511,-0.25766295856394356,connectivity,Lang
31,-0.0759157084128261,0.258256197133931,-0.06325925409222721,connectivity,Lang
32,-0.1253315734350009,0.25958475251583973,-0.1842629438451095,connectivity,Lang
33,-0.23766655516432317,0.28062047425235204,-0.2627362090952442,connectivity,Lang
34,-0.06474546983362438,0.265977688976603,-0.08947324846544658,connectivity,Lang
35,-0.031117433046679896,0.25921619976786947,-0.06383616471014253,connectivity,Lang
36,0.14789132495058294,0.27868851802827316,-0.9362440725310462,connectivity,Lang
37,-0.32048191628025596,0.27182286909634407,-0.17857789551134146,connectivity,Lang
38,0.1331872818014817,0.25408535490192874,-0.034615287434493436,connectivity,Lang
39,-0.05651476224313158,0.2477909279636103,-0.08036536095932939,connectivity,Lang
40,0.039650183514548035,0.251976241186331,-0.013984180958162062,connectivity,Lang
41,-0.07651614291134382,0.25786781483471494,-0.04810646552502415,connectivity,Lang
42,-0.10530523031860764,0.2616262537105537,-0.1171898595502043,connectivity,Lang
43,0.01184585264189303,0.25624634740831936,-0.047244159028606875,connectivity,Lang
44,-0.24516205463597293,0.26502458766366593,-0.1539824738831413,connectivity,Lang
45,-0.08894576772749002,0.26347925837588515,-0.10983555380070587,connectivity,Lang
46,0.027072400277011847,0.25416024828187594,-0.03965547478548309,connectivity,Lang
47,-0.10770556492788762,0.26843189486926766,-0.2319784939948707,connectivity,Lang
48,0.10888613088335969,0.2569032424967665,-0.08128829472011684,connectivity,Lang
49,-0.2587775299037712,0.2694547975051548,-0.18251951803652727,connectivity,Lang
50,-0.024879723056835605,0.2679892607397826,-0.33719447976610545,connectivity,Lang
51,-0.1458964764656235,0.260316697462741,-0.08984905386486158,connectivity,Lang
52,-0.040337947289761505,0.25765465737180965,-0.08622433799184209,connectivity,Lang
53,-0.025775595050645292,0.2546666418929018,-0.01583782269311501,connectivity,Lang
54,-0.014094340287187208,0.25699718546543443,-0.08326582744256997,connectivity,Lang
55,0.0050834548476732236,0.25179994975908565,0.012165904931597415,connectivity,Lang
56,-0.03453821379255731,0.26609313353231057,-0.1418471517444193,connectivity,Lang
57,0.14201138432657132,0.25593317643551944,-0.41523841971179365,connectivity,Lang
58,0.09737688696923513,0.24875950770527722,-0.005631671140519434,connectivity,Lang
59,-0.028407371955756735,0.26339667734173283,-0.1590916190149662,connectivity,Lang
60,-0.04461905316897771,0.25991552525666883,-0.27115595483469224,connectivity,Lang
61,-0.006915830719641202,0.26155265355027,-0.06574221338739183,connectivity,Lang
62,0.054943278955481026,0.24857350990963337,-0.03229574169912383,connectivity,Lang
63,-0.016191041915409734,0.2546393393378747,-0.07674929956898,connectivity,Lang
64,-0.2149512509928193,0.2654164535615976,-0.1397131686303122,connectivity,Lang
65,-0.15028259705500757,0.2615714803997646,-0.3563864467893185,connectivity,Lang
66,-0.10472561303237157,0.262468181121787,-0.13043390402215577,connectivity,Lang
67,-0.14280380044943117,0.26875859892901893,-0.19239122920704177,connectivity,Lang
68,0.03368748224740027,0.25956701762803996,-0.15419187781287363,connectivity,Lang
69,-0.2006725067507063,0.27993500043147584,-0.2381488259372206,connectivity,Lang
70,-0.17490716881221358,0.2587641834033755,-0.11149943824834907,connectivity,Lang
71,-0.17660433717051918,0.2621414481294659,-0.14196979354332534,connectivity,Lang
72,-0.15688271358080363,0.2630348281213956,-0.126473145635762,connectivity,Lang
73,-0.017689624079207746,0.2672751418714562,-0.07344004693204792,connectivity,Lang
74,0.09479569507097081,0.2552081214220787,-0.06165565771865264,connectivity,Lang
75,0.03272117574597903,0.2531444039952873,-0.024631704373797914,connectivity,Lang
76,-0.046660468083560495,0.26774023145381226,-0.13492921364584803,connectivity,Lang
77,-0.006655330246234655,0.2547552354886257,-0.02832671988776128,connectivity,Lang
78,0.07620192489695567,0.24941822961262006,-0.07411900438752561,connectivity,Lang
79,0.07539751884719023,0.250411472948284,0.008486272984991494,connectivity,Lang
80,-0.25083703821527453,0.276473366023317,-0.2299700516674535,connectivity,Lang
81,-0.0426089641090291,0.26485088752577823,-0.11914549437799671,connectivity,Lang
82,-0.039117616770659974,0.25836075889878296,-0.2508031358813134,connectivity,Lang
83,-0.10645831727615468,0.26536758133841765,-0.1173651444807233,connectivity,Lang
84,-0.14545071038282112,0.2686753845395432,-0.17988692046970184,connectivity,Lang
85,-0.10195675213080538,0.25886576116490234,-0.08233670580422081,connectivity,Lang
86,0.007357924777897092,0.2630728769126184,-0.2214796749306584,connectivity,Lang
87,0.08357834971147739,0.2659674797425441,-0.6611736078913955,connectivity,Lang
88,0.030088276038941184,0.2524107379814785,-0.0161105690283391,connectivity,Lang
89,-0.2328587144754905,0.2594936688339287,-0.20134469222799006,connectivity,Lang
90,0.02562356015394903,0.25753292619475787,-0.03861856336202282,connectivity,Lang
91,0.10442035472109965,0.2559236707517757,-0.0754706798384587,connectivity,Lang
92,0.013352158866979944,0.252754138276616,-0.03299933172490732,connectivity,Lang
93,0.012101831922090203,0.2618191812016296,-0.12400123479365888,connectivity,Lang
94,-0.12039027231635062,0.25744834695536845,-0.12209620031912738,connectivity,Lang
95,-0.3627930910121105,0.27631304985520955,-0.2316307115208932,connectivity,Lang
96,0.02786928911323199,0.25216291767876353,-0.07197012343648337,connectivity,Lang
97,-0.07484413697427356,0.2651509131072249,-0.07219554488852403,connectivity,Lang
98,-0.16179565311153216,0.2709152490039927,-0.24570058986342636,connectivity,Lang
99,0.056048849080471766,0.2568111513396558,-0.1227392434898813,connectivity,Lang
0,0.329593858042188,0.2687054704737929,-0.3677564352064542,voxel,Fluency
1,0.11232591452911633,0.27715484622556247,-0.5401445733481569,voxel,Fluency
2,0.15370694014584335,0.26747022503534995,-0.313869219750903,voxel,Fluency
3,0.2942326762488089,0.2586595181671844,-0.20271161369685858,voxel,Fluency
4,0.2553543904566786,0.2628798475445159,-0.23427654620370106,voxel,Fluency
5,0.2857167762666569,0.2635725742717976,-0.2013712298104278,voxel,Fluency
6,0.26099115210743296,0.24230482131670547,-0.06177062873373479,voxel,Fluency
7,0.29260087344105357,0.2621415242411219,-0.20951464141853712,voxel,Fluency
8,0.2356024340933912,0.2599041946694586,-0.19557232479556985,voxel,Fluency
9,0.18382461092890579,0.25232176252603505,-0.11568021861889785,voxel,Fluency
10,0.25705044009777406,0.2524110310315528,-0.09612447311642455,voxel,Fluency
11,0.33645728704145955,0.26349852916450905,-0.24221722286294864,voxel,Fluency
12,0.2742882819319201,0.2619743779220118,-0.1253194744834147,voxel,Fluency
13,0.24005773526636054,0.25111621933943856,-0.08764113927589559,voxel,Fluency
14,0.17415048243515635,0.2535673326087183,-0.13224558800377667,voxel,Fluency
15,0.29447711897409634,0.2500419950444896,-0.0854132997762993,voxel,Fluency
16,0.036468720744807226,0.26455043275870577,-0.19312879276418196,voxel,Fluency
17,0.3213382152980237,0.26015587152814723,-0.3768321395760469,voxel,Fluency
18,0.2276884908967011,0.2614190803164683,-0.3596985279402618,voxel,Fluency
19,0.3577382523442554,0.2563681930248867,-0.18055636548547588,voxel,Fluency
20,0.21245028205546923,0.2408382833734973,-0.04148540192301456,voxel,Fluency
21,0.32059424967387967,0.2668532180451141,-0.3622788926573341,voxel,Fluency
22,0.273662141123039,0.25361311586787505,-0.22320787544541146,voxel,Fluency
23,0.25108538438392775,0.2559575500404053,-0.5226418232987926,voxel,Fluency
24,0.23993901646979338,0.2505303541140834,-0.0587776099747091,voxel,Fluency
25,0.1652190953953783,0.27729213212403925,-0.2784292708396032,voxel,Fluency
26,0.2545075010219968,0.24369894132446085,-0.061853930386356226,voxel,Fluency
27,0.2606587085257871,0.2551274483445834,-0.21932352653831488,voxel,Fluency
28,0.32094671116520407,0.24420301708292877,-0.08284722947520273,voxel,Fluency
29,0.18490691425089467,0.25361168300582027,-0.2525147463031363,voxel,Fluency
30,0.2727513713705575,0.24392354724487528,-0.009054972672687067,voxel,Fluency
31,0.30764686664004093,0.2459517644185399,-0.1335176777051404,voxel,Fluency
32,0.32000320736937915,0.248840473852864,-0.12031102638312388,voxel,Fluency
33,0.16037129862125094,0.2453101917508132,0.011340332315902174,voxel,Fluency
34,0.2369085000941555,0.2566601789131352,-0.19181387959570864,voxel,Fluency
35,0.28431538881007967,0.2692667251388997,-0.855170116841516,voxel,Fluency
36,0.30676091466822386,0.27072407749998806,-0.26741883461524074,voxel,Fluency
37,0.15790412721897365,0.24633413989827646,-0.13012040479574294,voxel,Fluency
38,0.2768759115607446,0.24513552269632388,-0.15931009458166281,voxel,Fluency
39,0.19867435731140248,0.2563852523944854,-0.24868478500381339,voxel,Fluency
40,0.2915480337855205,0.24720893092340573,-0.07858425604736635,voxel,Fluency
41,0.2399644185506677,0.2501049060943174,-0.12780397962318174,voxel,Fluency
42,0.09704003254705122,0.26762824281232833,-0.22998373212856205,voxel,Fluency
43,0.1762967898410946,0.25349657664229275,-0.17001631853717944,voxel,Fluency
44,0.23832008728158158,0.2523198789314141,-0.18624412011053182,voxel,Fluency
45,0.2218765568988162,0.24271711539776494,0.0671764921206155,voxel,Fluency
46,0.2963532356074001,0.2672690680003916,-0.44477697272733524,voxel,Fluency
47,0.04918735397994185,0.2778363719763466,-0.38165770881911093,voxel,Fluency
48,0.22881956928793226,0.25383867468794025,-0.09506066752520975,voxel,Fluency
49,0.2908506190667055,0.2535002662857525,-0.2392910759891223,voxel,Fluency
50,0.24053363396361377,0.26022337005450075,-0.35379252800115446,voxel,Fluency
51,0.23070611837840976,0.2569894229642071,-0.1653809139412566,voxel,Fluency
52,0.3154048897191266,0.2356866207033488,0.0266670539208132,voxel,Fluency
53,0.2801647634535038,0.24615710631532917,-0.19520554294953849,voxel,Fluency
54,0.270319798862486,0.24287157694628891,-0.0010932558183325558,voxel,Fluency
55,0.2799430572126901,0.26178419431169964,-0.1742384383244096,voxel,Fluency
56,-0.1145864243835862,0.2508895520781491,-0.12342076081912712,voxel,Fluency
57,0.2750009282863975,0.27565462661270845,-0.5897924864882897,voxel,Fluency
58,0.31959765628453063,0.25411830703075733,-0.12189703767914978,voxel,Fluency
59,0.236653705626078,0.2363199801226562,0.05590877738941549,voxel,Fluency
60,0.2888221876228593,0.24361200739243946,0.018765277096802202,voxel,Fluency
61,0.2917338248326856,0.2682965347800107,-0.28364805467214044,voxel,Fluency
62,0.2982617532421576,0.2627243690625888,-0.11956978041765981,voxel,Fluency
63,0.3260230713647811,0.25925565092639574,-0.32239589533105284,voxel,Fluency
64,0.23327241020570155,0.24885401900403384,-0.10890345592571324,voxel,Fluency
65,0.2741770476738529,0.26008831394299137,-0.36267741550654,voxel,Fluency
66,0.18119230323754026,0.2627278928212613,-0.27728870173630205,voxel,Fluency
67,0.31343549236076435,0.24459542603244316,-0.016335904815361707,voxel,Fluency
68,0.17192665159695264,0.24303954031686978,0.016799630629873552,voxel,Fluency
69,0.1833587732456539,0.25265686060849496,-0.13306465782726007,voxel,Fluency
70,0.18049822078511488,0.26128033200205114,-0.21336714153062916,voxel,Fluency
71,0.3143224564175481,0.25241967357253176,-0.1046430793746361,voxel,Fluency
72,0.1949136389189029,0.2479836400003495,-0.04626075773938426,voxel,Fluency
73,-0.04422254602623276,0.28098839189561836,-0.39764910831666445,voxel,Fluency
74,0.3429941680121682,0.2521998117109961,-0.4036598805698452,voxel,Fluency
75,0.33516507230930737,0.23470273931293414,0.05683738120550588,voxel,Fluency
76,0.2873250118368144,0.2545795053663835,-0.1819367975227985,voxel,Fluency
77,0.23971477192550855,0.28224545518734623,-0.5111723857785138,voxel,Fluency
78,0.33235110610605856,0.25991851018510537,-0.35480643096913345,voxel,Fluency
79,0.27448244919026815,0.23814273593118782,0.04210064056107107,voxel,Fluency
80,0.18144525528077585,0.26482817534761394,-0.14671379768956366,voxel,Fluency
81,0.2227917591133719,0.24959403619946277,-0.0559102491537648,voxel,Fluency
82,0.15018424273488606,0.23385649851402113,0.017587272084238742,voxel,Fluency
83,0.2990724105589428,0.22834549342315658,0.13734810053525295,voxel,Fluency
84,0.17365795169400416,0.2402829114048807,-0.04197879140726407,voxel,Fluency
85,0.10473217661320444,0.27686819613445107,-0.5000841368755182,voxel,Fluency
86,0.3032078986042258,0.2718505659845025,-0.25149591439958346,voxel,Fluency
87,0.21408102541314233,0.24427201573334698,-0.10091394016383934,voxel,Fluency
88,0.2829462420881185,0.2526901721858066,-0.13075813134917633,voxel,Fluency
89,0.2608078006080483,0.2369668914391549,-0.15242132792135304,voxel,Fluency
90,0.25870451473267153,0.24902177192130293,-0.10852965000351347,voxel,Fluency
91,0.26655792790425087,0.2635243776119794,-0.35137344151941413,voxel,Fluency
92,0.2038565131335221,0.2675281908905456,-0.3126520589387889,voxel,Fluency
93,0.29541659166889805,0.24922292895413956,-0.1416251347441832,voxel,Fluency
94,0.23410942756493827,0.24120868387520994,-0.1863326719464723,voxel,Fluency
95,0.22575013344409767,0.2577532194348541,-0.14263495287730632,voxel,Fluency
96,0.2938129477237679,0.2500682664739833,-0.11844179594934154,voxel,Fluency
97,0.15130552435937317,0.2555318945505574,-0.5563521684087027,voxel,Fluency
98,0.2912993733128368,0.23935497043959653,0.05326145606455618,voxel,Fluency
99,0.2495751805582705,0.26183141558707895,-0.2196683881672789,voxel,Fluency
0,0.2757226548826277,0.24970522195333572,-0.08814575586563947,connectivity,Fluency
1,0.312487695103527,0.2535281548936005,-0.1694119922568916,connectivity,Fluency
2,0.3334097774340664,0.25233082080480446,-0.10441736375567265,connectivity,Fluency
3,0.1895581583453879,0.26150027001798637,-0.15195634802128016,connectivity,Fluency
4,0.2789385214069332,0.24916054051857606,-0.06532077465111394,connectivity,Fluency
5,0.4149132331951171,0.24321856238184072,-0.004130257814307647,connectivity,Fluency
6,0.2729674941749308,0.2480223598818334,-0.011536921219440999,connectivity,Fluency
7,0.33690844617009746,0.2447001906808034,-0.05318456460084639,connectivity,Fluency
8,0.27393803771573144,0.2467652664525502,-0.04916029078976708,connectivity,Fluency
9,-0.04179168246188906,0.2717093342209866,-0.2152994505985014,connectivity,Fluency
10,0.3189855939921218,0.25311711664120506,-0.16187727747353792,connectivity,Fluency
11,0.2842722050353268,0.25571503620078784,-0.06434431816199804,connectivity,Fluency
12,0.04596092711882249,0.2734843801091177,-0.4135021037987057,connectivity,Fluency
13,0.31216661736138174,0.2510069148540787,-0.05148672719343758,connectivity,Fluency
14,0.22711464878023024,0.262597767101001,-0.2515748381846504,connectivity,Fluency
15,0.071699072315533,0.251347839867673,-0.0948596801492877,connectivity,Fluency
16,0.29438922152172775,0.2542290605929407,-0.09054456899205221,connectivity,Fluency
17,0.09209798564720999,0.2606006152292122,-0.18830330243563698,connectivity,Fluency
18,0.13555328050169357,0.26061919189197014,-0.15306349134493216,connectivity,Fluency
19,0.34337970391392963,0.26360262227814635,-0.20643967292629312,connectivity,Fluency
20,0.21283405940055233,0.2563076113934665,-0.2710441279394963,connectivity,Fluency
21,0.21374330650972403,0.25160843122664955,-0.0933873277054077,connectivity,Fluency
22,0.27608101091311715,0.25096710243682785,-0.12047661687648817,connectivity,Fluency
23,0.16863844859456045,0.26723659223187457,-0.3140194627399865,connectivity,Fluency
24,0.10359361296116289,0.26294828425391287,-0.21198310235141737,connectivity,Fluency
25,0.2620884596534546,0.2526203957425382,-0.11315442565847711,connectivity,Fluency
26,0.3425074152206334,0.2509599623274916,-0.26716515437079325,connectivity,Fluency
27,0.25477306666331667,0.2668910134303927,-0.3370661539134219,connectivity,Fluency
28,0.28079359703728834,0.25467739736313677,-0.3258391327488489,connectivity,Fluency
29,0.2522507082016946,0.26122187845703354,-0.11380896072783339,connectivity,Fluency
30,0.3275643124210349,0.2581803463699275,-0.23051798153416883,connectivity,Fluency
31,0.19383965485805488,0.25463197808856175,-0.10826284597801461,connectivity,Fluency
32,0.16728094120823944,0.2551892541613292,-0.1469470265405624,connectivity,Fluency
33,0.2942244595085034,0.24339076547820354,-0.007100580238200843,connectivity,Fluency
34,0.12930009129194947,0.25658267022054204,-0.19276360642735527,connectivity,Fluency
35,0.2461523926530777,0.24550568317829952,-0.055469116717713984,connectivity,Fluency
36,-0.14847702988615383,0.3005528543060712,-0.462759676146259,connectivity,Fluency
37,0.2672025480307936,0.24955973245083898,-0.02328166709551946,connectivity,Fluency
38,0.2799461234737858,0.2625698588172024,-0.18850993834858823,connectivity,Fluency
39,0.123533221729549,0.2714657227386852,-0.3033252053833848,connectivity,Fluency
40,0.293312369478859,0.2468839911226765,-0.007797199674112382,connectivity,Fluency
41,0.25563738732776925,0.2522495895740253,-0.08967741100851517,connectivity,Fluency
42,0.2773374605921105,0.2554556544201579,-0.2472868599369531,connectivity,Fluency
43,0.231073723572343,0.24759357469287144,-0.0632169445064493,connectivity,Fluency
44,0.312995680493564,0.25247320018783276,-0.1061586992412594,connectivity,Fluency
45,0.34466123440962976,0.25657393240262805,-0.21727863992623575,connectivity,Fluency
46,0.2665378619399478,0.24815664397031553,-0.10449641062544157,connectivity,Fluency
47,0.22217105912186957,0.24775397839690033,-0.061259466570792426,connectivity,Fluency
48,0.2927716074355582,0.25021335088964586,-0.06952498788421607,connectivity,Fluency
49,0.26393151230933337,0.2657209833358579,-0.18575507071544392,connectivity,Fluency
50,0.24806644516762044,0.25227790290200297,-0.07079148173271274,connectivity,Fluency
51,0.2881968618775799,0.2563731369359322,-0.07342032656492878,connectivity,Fluency
52,0.30878635781636365,0.24765274189189473,-0.09317001608797998,connectivity,Fluency
53,0.29787825524415384,0.24602624718833888,0.0059927663699997635,connectivity,Fluency
54,0.2784774124137872,0.2508423184186734,-0.13032452348163975,connectivity,Fluency
55,0.26284287180115734,0.25588214579424795,-0.04502772880266531,connectivity,Fluency
56,0.17071155115927805,0.25940614788831867,-0.126540719938188,connectivity,Fluency
57,0.18209700329136,0.261196547143603,-0.19892531484624917,connectivity,Fluency
58,0.25695844857452593,0.25095830259290863,-0.029808707069933382,connectivity,Fluency
59,0.3114871356718906,0.25731901571421056,-0.1502513107068698,connectivity,Fluency
60,0.2740433765319342,0.2483671315875074,-0.06869823513041487,connectivity,Fluency
61,0.23736378828629448,0.24643904232601646,-0.04231332384661826,connectivity,Fluency
62,0.2688087659639067,0.2383986683490769,0.020818764984452426,connectivity,Fluency
63,0.1923391494819836,0.25755613179088876,-0.16785840521000106,connectivity,Fluency
64,0.22558242137214302,0.25629121744658273,-0.17890563818784191,connectivity,Fluency
65,0.329222461461381,0.2497210944597763,-0.04300829182919269,connectivity,Fluency
66,0.31974682076345595,0.2559513421147283,-0.15074452325408375,connectivity,Fluency
67,0.2673459430460312,0.25777561360526235,-0.24322035843857148,connectivity,Fluency
68,0.26154620468837,0.25168365178645596,-0.140080271177476,connectivity,Fluency
69,0.2598998304876087,0.26206085592839956,-0.24082111616464355,connectivity,Fluency
70,0.23160173933683437,0.2572912212376307,-0.166654132041448,connectivity,Fluency
71,0.3299853227161961,0.2459263417058926,-0.01916563523737294,connectivity,Fluency
72,0.2714310964697069,0.25443275006601335,-0.12484549548457996,connectivity,Fluency
73,0.2752961518110352,0.27200898085011926,-0.39869006865620427,connectivity,Fluency
74,0.35205064079112525,0.2391276549814012,0.026223805624610907,connectivity,Fluency
75,0.18113587770410539,0.2558243107136143,-0.19324313713848035,connectivity,Fluency
76,0.10083253054387953,0.2626103621772226,-0.21252065909372,connectivity,Fluency
77,0.2845530171573174,0.2430944346436491,-0.05734855169741754,connectivity,Fluency
78,0.20981087549933553,0.2608846802649114,-0.3318860472562163,connectivity,Fluency
79,0.3184169081842392,0.2545521027636099,-0.11040561969650234,connectivity,Fluency
80,0.23255604510682035,0.2638720574242213,-0.3393668595774174,connectivity,Fluency
81,0.3209723025177443,0.24546935119338512,-0.008451885526554598,connectivity,Fluency
82,0.2806076698185831,0.24634889474806448,-0.060259938146486225,connectivity,Fluency
83,0.28818652024428987,0.25115856722146157,-0.0466518640154914,connectivity,Fluency
84,0.27609551701546725,0.24822728685458195,-0.05734006558158436,connectivity,Fluency
85,0.12950591146236806,0.2648892407521528,-0.140856794203518,connectivity,Fluency
86,0.31551731426821517,0.24926616055724551,-0.03238337230269239,connectivity,Fluency
87,0.32221904544406915,0.2562428818561699,-0.08409223806891097,connectivity,Fluency
88,0.27916126867455965,0.24833660795230705,-0.042460602954428384,connectivity,Fluency
89,0.2848022292586928,0.2586771711844295,-0.19422454410894097,connectivity,Fluency
90,0.25773483623655524,0.25688334461571066,-0.07521148683860515,connectivity,Fluency
91,0.3171543509126307,0.2513854778946941,-0.13934506686430892,connectivity,Fluency
92,0.3146384320740821,0.259002448636756,-0.32284226912560476,connectivity,Fluency
93,0.30404165698785357,0.24921530922170204,-0.11450146760452631,connectivity,Fluency
94,0.3564698526315688,0.25204595725617357,-0.15259291364949348,connectivity,Fluency
95,0.2935087061608659,0.24876520614241582,-0.07383102669816977,connectivity,Fluency
96,0.25015527681201866,0.27212512161385655,-0.3132022908197154,connectivity,Fluency
97,0.30141995336105243,0.23802769678586966,0.04225345322165788,connectivity,Fluency
98,0.32132870185668094,0.2567754819351189,-0.18395372846112798,connectivity,Fluency
99,0.33339537406472486,0.24173256784808345,-0.04215319282485713,connectivity,Fluency
0,0.2842610183531951,0.2899924668546794,-0.524405830478674,voxel,Neglect
1,0.20758604678352893,0.29653925596759595,-0.4220260471845721,voxel,Neglect
2,0.23807883315756867,0.2858767886839374,-0.22775262644747563,voxel,Neglect
3,0.40351427815889235,0.2756592611092661,-0.18624053118469114,voxel,Neglect
4,0.3851262634999055,0.24672636077108942,-0.004040279153715687,voxel,Neglect
5,0.3755161224269919,0.258792871674655,0.015839315985652802,voxel,Neglect
6,0.48705705753422773,0.27379694007263694,-0.03339170719936302,voxel,Neglect
7,0.4683499905097428,0.2627910916431216,-0.25968640029964973,voxel,Neglect
8,0.38117524208539466,0.257124296922146,0.04013497233382807,voxel,Neglect
9,0.20416845671418532,0.27851754497894654,-0.11587007082507439,voxel,Neglect
10,0.41956353076316605,0.2760124884202406,-0.04975613425859973,voxel,Neglect
11,0.4606364704133296,0.2639798440590081,-0.02413125220799517,voxel,Neglect
12,0.4208657175546315,0.2407252912929253,0.022868276637124374,voxel,Neglect
13,0.29965749246965734,0.28535372294099637,-0.19351784048663392,voxel,Neglect
14,0.33766479557550555,0.25436907657782176,-0.05895800264833875,voxel,Neglect
15,0.45442322608478014,0.26812373508247966,-0.361936816657414,voxel,Neglect
16,0.31612211326895884,0.27152618627069364,-0.2845328338049903,voxel,Neglect
17,0.4266298283106621,0.2628819973580494,-0.119466799000541,voxel,Neglect
18,0.37368835371586684,0.3094588835441865,-0.5940613597439507,voxel,Neglect
19,0.349968743817966,0.277298708495306,-0.20019788142045356,voxel,Neglect
20,0.34398206020311134,0.27496698029131467,-0.1395977707757483,voxel,Neglect
21,0.4042693413541792,0.27063313447199255,-0.2354702170949753,voxel,Neglect
22,0.3466567254500897,0.25703107020332455,0.022452664870033168,voxel,Neglect
23,0.43047004368588315,0.26300970972620963,-0.12708932807267165,voxel,Neglect
24,0.4576644683322021,0.2582588335154494,-0.02672115397375366,voxel,Neglect
25,0.4292133956107287,0.262323392738124,-0.10902811628348713,voxel,Neglect
26,0.4054899534893337,0.3178234017360231,-0.9927451539139598,voxel,Neglect
27,0.34358631141794316,0.2707274825168997,-0.1843887205103869,voxel,Neglect
28,0.37660273899727437,0.2727865217186225,-0.07897082874047709,voxel,Neglect
29,0.31637325569061275,0.26215203650824553,-0.04425604360014712,voxel,Neglect
30,0.38958605819607495,0.28109525533813073,-0.2783120681573466,voxel,Neglect
31,0.38245665741565615,0.2851524921966144,-0.23206692398193043,voxel,Neglect
32,0.13960163397087444,0.30750466146551625,-0.6350521807785483,voxel,Neglect
33,0.4367340883788621,0.2829615879819299,-0.3478638848015738,voxel,Neglect
34,0.2432023056378624,0.28607717185999193,-0.263429236208175,voxel,Neglect
35,0.4883345785240601,0.268962634685113,-0.13063838775951364,voxel,Neglect
36,0.36696839094208417,0.2583389687930448,0.03222971617674408,voxel,Neglect
37,0.3616203023417587,0.28424326514857523,-0.22599813485498213,voxel,Neglect
38,0.3390460738235436,0.2545525852926046,0.060408695013188074,voxel,Neglect
39,0.4704833672149361,0.24201879914647492,0.100340972347677,voxel,Neglect
40,0.5130366030180408,0.27221789507776784,-0.020018266119471773,voxel,Neglect
41,0.41394990843626733,0.27303856198995996,-0.00436016057179528,voxel,Neglect
42,0.14800298000127174,0.28527029825395817,-0.30756724345351494,voxel,Neglect
43,0.48566113322331794,0.28420074212164725,-0.36876465875058606,voxel,Neglect
44,0.41770810461035796,0.2812820846624091,-0.27007066862942675,voxel,Neglect
45,0.3008082346709486,0.2752665479790781,-0.11350009049617465,voxel,Neglect
46,0.33459260698456494,0.2879071186385198,-0.3991219153583453,voxel,Neglect
47,0.3394961574270288,0.2566394687827014,0.003004217870713116,voxel,Neglect
48,0.41975200382636546,0.26611065058454564,-0.24469508372594925,voxel,Neglect
49,0.37222901320532975,0.29571840949033684,-0.522918018139851,voxel,Neglect
50,0.2276640551190392,0.29411756886757445,-0.3782069750871438,voxel,Neglect
51,0.4192550394105672,0.2745248431872582,-0.1284143442524895,voxel,Neglect
52,0.3610310683355433,0.24959420329319137,-0.005197584008930334,voxel,Neglect
53,0.23121031964012734,0.29626150781343824,-0.32749699652292064,voxel,Neglect
54,0.4612833902126527,0.28146120640226724,-0.23282432503414702,voxel,Neglect
55,0.23098176828994768,0.2761479461381848,-0.32424624815465775,voxel,Neglect
56,0.4078007120187523,0.27459931141713206,-0.14368186287043488,voxel,Neglect
57,0.4559244224266908,0.24906863547780078,0.0937682213386524,voxel,Neglect
58,0.3375130158777292,0.29350183660221324,-0.24439800195213293,voxel,Neglect
59,0.3530969212502209,0.28737734230746603,-0.18384737423246147,voxel,Neglect
60,0.40245071080813866,0.29936933433833796,-0.42550269872833146,voxel,Neglect
61,0.32578267260414884,0.2966478698059713,-0.22873477962071898,voxel,Neglect
62,0.24930505861298913,0.2638647889823726,-0.1102894795786061,voxel,Neglect
63,0.2673631670602617,0.2790470276976121,-0.30280071941818765,voxel,Neglect
64,0.43621966805543977,0.2561345317952042,0.08715291162327762,voxel,Neglect
65,0.217357086874381,0.30453287921985944,-0.4387921935968545,voxel,Neglect
66,0.33211686688837655,0.27355289552193895,-0.23163647016314737,voxel,Neglect
67,0.6039727842366127,0.25335343744825006,0.08487976759090415,voxel,Neglect
68,0.33900780615551257,0.30190593227875573,-0.5842312445281865,voxel,Neglect
69,0.3213937568499312,0.2654834704849941,-0.05118058594901659,voxel,Neglect
70,0.3945398570132877,0.26340695638835665,-0.011064243246422717,voxel,Neglect
71,0.4032441488543482,0.2819022305698936,-0.2789045946625018,voxel,Neglect
72,0.21609842280136607,0.3009036448907818,-0.6147657718549917,voxel,Neglect
73,0.3946677428052558,0.2592162388364973,-0.0115092241279236,voxel,Neglect
74,0.4078332179661325,0.2589130008280795,0.018430308280029534,voxel,Neglect
75,0.3113443780931022,0.289475044872603,-0.22965308256044323,voxel,Neglect
76,0.35396080243600103,0.2848605244480509,-0.2768837358717652,voxel,Neglect
77,0.4522822215646621,0.27655731003467693,-0.27675780005600803,voxel,Neglect
78,0.3468377608525975,0.2741176509338012,-0.1966119425877984,voxel,Neglect
79,0.2943051498354454,0.28164455357501367,-0.1156194635547027,voxel,Neglect
80,0.4690044871693182,0.2506106399008725,-0.08884274214204677,voxel,Neglect
81,0.2834075162563913,0.26144458297857454,-0.06371002835058118,voxel,Neglect
82,0.25743903975550564,0.27872068308355746,-0.30903452022326505,voxel,Neglect
83,0.33537905535657864,0.25681779657045567,0.01778589133161307,voxel,Neglect
84,0.41275919601753036,0.26392009824994084,-0.0916372858647605,voxel,Neglect
85,0.3964815970481521,0.2672300522782706,-0.03564641039053704,voxel,Neglect
86,0.47906662250036014,0.2548097012045951,-0.02577533173214666,voxel,Neglect
87,0.5166355479201452,0.2626033130637922,-0.10967360127045425,voxel,Neglect
88,0.3863828145680555,0.2938158688769368,-0.34178405538984336,voxel,Neglect
89,0.4136042796879659,0.2496212700720567,-0.032827521554340544,voxel,Neglect
90,0.3367556256042446,0.30260320593594986,-0.2245211590554035,voxel,Neglect
91,0.29250543777197274,0.2822806165110203,-0.2639007317813853,voxel,Neglect
92,0.31250258360385275,0.2719475038243887,-0.18672781085213422,voxel,Neglect
93,0.3071980241740169,0.2807946555349713,-0.3427681960697536,voxel,Neglect
94,0.3493923457925161,0.2622614243329434,-0.10877354193868347,voxel,Neglect
95,0.21509119202063615,0.2853925909178487,-0.1867122192471666,voxel,Neglect
96,0.5291064828387209,0.274792283390058,-0.2387706081869299,voxel,Neglect
97,0.37351237493256917,0.26444764878589444,-0.07030906835435419,voxel,Neglect
98,0.4660877425296627,0.2836872862708004,-0.3645424092329034,voxel,Neglect
99,0.4579722408019876,0.26795323498537915,-0.15624675276383426,voxel,Neglect
0,0.4630335142636185,0.2450916676988033,0.050660926787863325,connectivity,Neglect
1,0.41688631542801347,0.2363093949791088,0.03725118272162836,connectivity,Neglect
2,0.36340384140443194,0.2591812240547861,-0.189486085827102,connectivity,Neglect
3,0.5014183354310161,0.24616759731211174,-0.04247293295339,connectivity,Neglect
4,0.4098364540934599,0.2643444511153814,-0.07772608478570389,connectivity,Neglect
5,0.37047970497489147,0.24566934331214457,-0.18603403358465548,connectivity,Neglect
6,0.3572683476652966,0.2522083866124767,0.01391518720167309,connectivity,Neglect
7,0.4451460721322138,0.2374030319169906,0.13169281229738786,connectivity,Neglect
8,0.5041476982521291,0.24939864423527103,0.05138424042823311,connectivity,Neglect
9,0.48764486592174816,0.237124500931787,0.15823889364867164,connectivity,Neglect
10,0.35328863611189076,0.2670828454244557,-0.24269112856671057,connectivity,Neglect
11,0.3976859166742253,0.25234810235852473,-0.04366886275500065,connectivity,Neglect
12,0.4630936714723366,0.23431933649659892,0.05885645968335032,connectivity,Neglect
13,0.44418633184619394,0.2517969546560588,0.07221776962901044,connectivity,Neglect
14,0.4520748043678279,0.24985795547542916,0.03966993724740689,connectivity,Neglect
15,0.413274722790332,0.2547366900302418,0.029464750173565202,connectivity,Neglect
16,0.40472793976368193,0.24470327962970653,0.08365582665805765,connectivity,Neglect
17,0.42235416949868604,0.24369411701343788,0.023691335562737226,connectivity,Neglect
18,0.46835518220466377,0.23531615802358835,0.08420558442687925,connectivity,Neglect
19,0.39909983642284114,0.23888138769307798,0.04292863811755587,connectivity,Neglect
20,0.47616277937144813,0.23800493936567776,0.026139169569627335,connectivity,Neglect
21,0.4813152544790893,0.25179510832394786,-0.04505796719186511,connectivity,Neglect
22,0.3539279472959959,0.2502855971973496,0.006562867883885326,connectivity,Neglect
23,0.4498469590015369,0.25234094259829803,0.03378831322247769,connectivity,Neglect
24,0.47952141727458286,0.24466548796705745,0.005388717745622856,connectivity,Neglect
25,0.44565151863270247,0.2510389434144511,0.008574399691805457,connectivity,Neglect
26,0.43591638962409607,0.2397172921638871,0.024162761501145102,connectivity,Neglect
27,0.45068590643441336,0.2634177577371291,-0.1325309434213521,connectivity,Neglect
28,0.2989545837409205,0.24307543746604982,0.05644478690826055,connectivity,Neglect
29,0.46032611276427143,0.22881872728532887,0.1689631166890726,connectivity,Neglect
30,0.4537250428750262,0.2516589142859949,-0.07451036334201444,connectivity,Neglect
31,0.410680853949613,0.2536538915562447,0.06117509514562297,connectivity,Neglect
32,0.5296440252241428,0.23903436604662584,0.05743326986277045,connectivity,Neglect
33,0.48654916974629836,0.2382166471084497,0.004228773016473175,connectivity,Neglect
34,0.32688760363945996,0.2514609580802277,-0.1480136572929564,connectivity,Neglect
35,0.4361941661242206,0.2532837951166264,0.030624932316989845,connectivity,Neglect
36,0.5387397341823313,0.22029971167197018,0.22790453944252703,connectivity,Neglect
37,0.45024723546904044,0.23588532203340015,0.14127083059752832,connectivity,Neglect
38,0.47373987781266647,0.2617408464654678,-0.18035820208754388,connectivity,Neglect
39,0.46123556573367946,0.2499189243802938,0.0739339266852237,connectivity,Neglect
40,0.44111618496122007,0.23003778006790337,0.10824128657378618,connectivity,Neglect
41,0.5272543930006016,0.23907867162294627,0.09862426458009027,connectivity,Neglect
42,0.4075709838336795,0.2520646326937983,0.054436483981736894,connectivity,Neglect
43,0.4650597349785394,0.2521678478344813,-0.013357965729348054,connectivity,Neglect
44,0.47414424004903455,0.24100770178599373,0.1737374377800576,connectivity,Neglect
45,0.3903285177347342,0.25097305782015544,-0.14139214815491324,connectivity,Neglect
46,0.5239452620354105,0.24528236054665084,0.13181280433113,connectivity,Neglect
47,0.46000447047239423,0.2603350548839721,-0.09414202792516732,connectivity,Neglect
48,0.5092736215176181,0.24874322623754208,0.005096102335445579,connectivity,Neglect
49,0.4575321341403887,0.23943899799363244,-0.03828274375971269,connectivity,Neglect
50,0.40109609875988456,0.26621230985260597,-0.29921862875464805,connectivity,Neglect
51,0.4584614145747086,0.2401455356300804,-0.25831446749896275,connectivity,Neglect
52,0.4062668807642438,0.24830645414590924,-0.009875944169789624,connectivity,Neglect
53,0.38460532994476104,0.25550826559019507,-0.016959422395075502,connectivity,Neglect
54,0.5540542037516394,0.2304138783943884,0.135554243243644,connectivity,Neglect
55,0.4582038931339326,0.24949024518805496,-0.3292456611420286,connectivity,Neglect
56,0.42504931226714204,0.23570380383800288,0.10417627148303915,connectivity,Neglect
57,0.36565490412208224,0.23909440329028292,0.005292855315297912,connectivity,Neglect
58,0.4790904368778015,0.22908300298572512,0.16947796471401377,connectivity,Neglect
59,0.47417599762366863,0.25266277216298355,-0.1206656573114274,connectivity,Neglect
60,0.48895011407475386,0.24842975343172635,0.03893883163949691,connectivity,Neglect
61,0.561723803567947,0.24621310829954143,0.08119070724836,connectivity,Neglect
62,0.3055283536278346,0.2574883411047482,-0.12602456266946802,connectivity,Neglect
63,0.38813934192000343,0.2459034041896796,-0.014213553564785236,connectivity,Neglect
64,0.3687436945882352,0.2525631904072404,-0.025546236508347808,connectivity,Neglect
65,0.4564946254227441,0.24029190120874194,0.1211676408520114,connectivity,Neglect
66,0.4091269797195737,0.266188076646171,-0.22966635287304238,connectivity,Neglect
67,0.4059185657464105,0.24050065702075754,0.026404097507392726,connectivity,Neglect
68,0.5069873683863471,0.2394066015877766,0.14452427300307122,connectivity,Neglect
69,0.4907657440999744,0.2296345875371214,0.11851273029371809,connectivity,Neglect
70,0.4276676105084699,0.24242787569743723,0.04102946079832645,connectivity,Neglect
71,0.40919773758526923,0.24222533114009925,0.11927338984260144,connectivity,Neglect
72,0.4303962500122899,0.24098907791814367,0.04445177141217113,connectivity,Neglect
73,0.44993018562955994,0.26242656166489886,-0.18973047540153443,connectivity,Neglect
74,0.39654555570030353,0.25399496362180024,-0.12468645338716347,connectivity,Neglect
75,0.44884318702419157,0.2563986847780456,-0.04013798648732414,connectivity,Neglect
76,0.48198524131321746,0.24131587209054836,0.03751237320376777,connectivity,Neglect
77,0.41347908600173666,0.24495867754949913,0.09698595289166159,connectivity,Neglect
78,0.5026640693035394,0.2410398609426708,0.043013005619943506,connectivity,Neglect
79,0.4338361560784691,0.252404102181263,0.01669367123700327,connectivity,Neglect
80,0.4380161823098516,0.24232540227233518,-0.10627369233990189,connectivity,Neglect
81,0.4658041092621469,0.23348171057686218,0.12198081947585585,connectivity,Neglect
82,0.41659507481792546,0.25003219719126357,-0.09488281669186063,connectivity,Neglect
83,0.4753543936005833,0.24271299014989067,-0.08761420795495581,connectivity,Neglect
84,0.5258575113864847,0.23239955162864023,0.12903569034438567,connectivity,Neglect
85,0.5373890235473121,0.23148433426283416,0.1897147296951355,connectivity,Neglect
86,0.4637321832970982,0.2458634465475464,0.02003059633956672,connectivity,Neglect
87,0.46989118163200266,0.2536823894746198,0.009151909640453093,connectivity,Neglect
88,0.4785637885354457,0.2502817110981805,0.008346147024360762,connectivity,Neglect
89,0.47856167177168896,0.2425796824957887,0.12571624368312112,connectivity,Neglect
90,0.46409755087619675,0.23735816913067703,0.06815573915175938,connectivity,Neglect
91,0.44441661516700776,0.24719529497817522,0.1221509657006313,connectivity,Neglect
92,0.3865586250059846,0.2577410827817288,-0.014111420278752396,connectivity,Neglect
93,0.4050930531788966,0.2596481439945376,0.02687578374391081,connectivity,Neglect
94,0.4137078285896565,0.23520221107893288,0.04476601132610314,connectivity,Neglect
95,0.4273686161799441,0.2507619526907997,-0.05129942370251239,connectivity,Neglect
96,0.38498954459639595,0.2578145635373249,-0.035856576010185964,connectivity,Neglect
97,0.40437506750244684,0.23587894898263936,0.025065831992641424,connectivity,Neglect
98,0.39618356312460046,0.23842586505231456,0.09308552123157085,connectivity,Neglect
99,0.48314416070708355,0.24084732630332753,-0.015350683266770887,connectivity,Neglect
